Unnamed: 0,Nombre,Provincia,Zona,Zona Unificada,Web,Tienda,Tech Stack,Grupo,Mercado Fuerte,% de Exportación,B2B,Vol. Anual (L),Tamaño,Líneas,ETIQ.
1,4 Gatos Locos,Mendoza,Gualtallary,Tupungato,4gatoslocos.com.ar,No tiene,No aplica,Indep.,Mza,5%,DTC,18.000,Proyecto,1.0,4.0
2,A16,Mendoza,Perdriel,Luján de Cuyo,a16sa.com,a16sa.com/tienda-a16,WooCommerce,Indep.,Arg,15%,Nac,450.000,Mediana,4.0,18.0
3,Abito Wines,Mendoza,Barrancas,Maipú,abitowines.com,gruposalute.com,WixCommerce,Indep.,Arg,10%,Nac,120.000,Boutique,3.0,14.0
4,ABRAHAM CURA BADIN SA,Mendoza,Fray Luis Beltrán,Maipú,abrahamwines.com/es/home-es/,No tiene,No aplica,Indep.,Arg,15%,Nac,800.000,Mediana,5.0,28.0
5,Abremundos,Mendoza,Los Chacayes,Tunuyán,abremundos.com.ar,abremundos.com.ar,Jumpseller,Indep.,Mza,10%,Bout,25.000,Proyecto,2.0,6.0
6,Achaval-Ferrer,Mendoza,Perdriel,Luján de Cuyo,achaval-ferrer.com,tienda.achaval-ferrer.com,Shopify,Indep.,Ext,65%,Intl,600.000,Mediana,4.0,22.0
7,Alandes de Karim Mussi,Mendoza,La Consulta,San Carlos,karimmussi.com,No tiene,No aplica,Indep.,Arg/Ext,35%,Bout,90.000,Boutique,3.0,12.0
8,Alba en los Andes,Mendoza,Gualtallary,Tupungato,albaenlosandes.com,albaenlosandes.com/tienda,WooCommerce,Indep.,Arg,15%,Reg,75.000,Boutique,2.0,8.0
9,Albaflor (Altos de Altamira),Mendoza,Vista Flores,Tunuyán,albaflor.com.ar,No tiene,No aplica,Indep.,Mza,5%,DTC,15.000,Proyecto,1.0,3.0
10,Alfredo Roca,Mendoza,Cañada Seca,San Rafael,rocawines.com/es,tienda-rocawines.com,Shopify,Indep.,Arg,25%,Nac,1.200.000,Mediana,6.0,32.0
11,ALGARROBO WINES S.A.,Mendoza,Los Barriales,Junín,algarrobowines.com/,algarrobowines.mitiendanube.com,Tiendanube,Indep.,Arg,10%,Nac,3.500.000,Grande,8.0,48.0
12,Algodon Wine Estates,Mendoza,Cuadro Benegas,San Rafael,algodonwines.com.ar,algodonwines.com.ar,Shopify,Indep.,Ext,50%,Bout,150.000,Boutique,3.0,15.0
13,Alpamanta,Mendoza,Ugarteche,Luján de Cuyo,alpamanta.com,No tiene,No aplica,Indep.,Arg,20%,Nac,200.000,Boutique,4.0,16.0
14,Alpasión,Mendoza,Los Chacayes,Tunuyán,alpasion.com,shop.alpasion.com,WooCommerce,Indep.,Ext,60%,Intl,180.000,Boutique,3.0,14.0
15,Alta Vista,Mendoza,Chacras de Coria,Luján de Cuyo,altavistawines.com,tienda.altavistawines.com,Tiendanube,Indep.,Arg/Ext,45%,Intl,2.100.000,Grande,7.0,40.0
16,Alta Yarí,Mendoza,Gualtallary,Tupungato,bodegaaltayari.com,No tiene,No aplica,Indep.,Arg,20%,Nac,120.000,Boutique,3.0,12.0
17,Altar Uco,Mendoza,Gualtallary,Tupungato,altaruco.com/,altaruco.com/shop,WooCommerce,Indep.,Arg,10%,Reg,30.000,Proyecto,2.0,7.0
18,Alto Limay,Mendoza,Las Paredes,San Rafael,altolimaywines.com.ar,bodegasecreto.mitiendanube.com,Tiendanube,Indep.,Arg,15%,Nac,85.000,Boutique,2.0,9.0
19,Alto Salvador,Mendoza,Alto Salvador,San Martín,altosalvador.com,tiendaaltoslashormigas.com.ar,Tiendanube,Indep.,Arg,15%,Nac,2.500.000,Grande,5.0,26.0
20,Altos Las Hormigas,Mendoza,El Carrizal,Luján de Cuyo,altoslashormigas.com,tiendaaltoslashormigas.com.ar,Tiendanube,Indep.,Ext,70%,Intl,1.500.000,Mediana,5.0,25.0
21,AMADEO MARAÑON S.A.,Mendoza,San José,Tupungato,bodegasmaranon.com.ar,No tiene,No aplica,Indep.,Arg,20%,Nac,5.000.000,Grande,10.0,55.0
22,Ambrosía,Mendoza,Gualtallary,Tupungato,fincaambrosia.com,No tiene,No aplica,Indep.,Ext,50%,Intl,140.000,Boutique,3.0,15.0
23,Anaia,Mendoza,Agrelo,Luján de Cuyo,anaiawines.com,No tiene,No aplica,Indep.,Arg,10%,Reg,250.000,Boutique,4.0,18.0
24,Andeluna Cellars,Mendoza,Gualtallary,Tupungato,andeluna.com.ar,No tiene,No aplica,Indep.,Arg/Ext,45%,Intl,1.800.000,Grande,6.0,35.0
25,Antigal,Mendoza,Russell,Maipú,antigal.com,tienda.antigal.com,Shopify,Indep.,Ext,65%,Intl,3.000.000,Grande,8.0,42.0
26,Antucura,Mendoza,Vista Flores,Tunuyán,antucura.com,antucura.com,WooCommerce,Indep.,Arg,20%,Nac,220.000,Boutique,4.0,16.0
27,Araujo,Mendoza,Villa Atuel,San Rafael,bodegaaraujo.com.ar,bodegaaraujo.com.ar/productos,Tiendanube,Indep.,Arg,15%,Nac,400.000,Mediana,4.0,20.0
28,Argana,Mendoza,Atuel Norte,San Rafael,arganawines.com.ar,No tiene,No aplica,Indep.,Mza,0%,DTC,12.000,Proyecto,1.0,4.0
29,Argento,Mendoza,Agrelo,Luján de Cuyo,bodegaargento.com,tienda.grupoavinea.com,Shopify,Gpo. Avinea,Ext,60%,Intl,8.000.000,Grande,12.0,60.0
30,Atamisque,Mendoza,San José,Tupungato,bodegaatamisque.com,No tiene,No aplica,Indep.,Arg/Ext,40%,Intl,650.000,Mediana,5.0,28.0
31,Atilio Avena,Mendoza,Villa Seca,Tunuyán,atilioavena.com,bodegaatilioavena.mitiendanube.com,Tiendanube,Indep.,Arg,20%,Nac,350.000,Mediana,4.0,19.0
32,Bandini (Finca Bandini),Mendoza,Las Compuertas,Luján de Cuyo,fincabandini.com,fincabandini.com/shop,WooCommerce,Indep.,Mza/Arg,5%,DTC,90.000,Boutique,3.0,11.0
33,Barberis (Bodega Barberis),Mendoza,El Sauce,Guaymallén,bodegabarberis.com,pedix.app/bodega-barberis,Pedix,Indep.,Arg,20%,Nac,1.100.000,Mediana,6.0,30.0
34,BARRY WAYNE MORGAN (Familia Morgan),Mendoza,Las Paredes,San Rafael,familiamorgan.wine,No tiene,No aplica,Indep.,Mza,5%,DTC,45.000,Proyecto,2.0,8.0
35,Bataraz,Mendoza,Lunlunta,Maipú,No tiene,No tiene,No aplica,Indep.,Mza,0%,DTC,10.000,Proyecto,1.0,3.0
36,Baudron,Mendoza,Agrelo,Luján de Cuyo,bodegasbaudron.com,tienda.bodegasbaudron.com,WooCommerce,Indep.,Arg,25%,Nac,1.500.000,Mediana,7.0,35.0
37,Belasco de Baquedano,Mendoza,Agrelo,Luján de Cuyo,belascodebaquedano.com,No tiene,No aplica,Gpo. Belasce,Ext,50%,Intl,800.000,Mediana,4.0,24.0
38,Belhara Estate,Mendoza,Agrelo,Luján de Cuyo,belharaestate.com,No tiene,No aplica,Indep.,Arg,15%,Nac,350.000,Mediana,4.0,17.0
39,Bemberg (Bemberg Estate Wines) - Grupo Peñaflor,Mendoza,Gualtallary,Tunuyán,bembergestatewines.com,vinosyspirits.com,Shopify,Gpo. Peñaflor,Ext,70%,Bout,85.000,Boutique,3.0,10.0
40,Benegas,Mendoza,Mayor Drummond,Luján de Cuyo,benegaswinery.com,No tiene,No aplica,Indep.,Arg/Ext,35%,Intl,500.000,Mediana,5.0,22.0
41,Bermejo State,Mendoza,Bermejo,Bermejo,bermejostate.com.ar,No tiene,No aplica,Indep.,Mza,5%,DTC,20.000,Proyecto,2.0,6.0
42,BERRUTI Y CHINI S.A.,Mendoza,Chapanay,San Martín,No tiene,No tiene,No aplica,Indep.,Arg,10%,Nac,4.000.000,Grande,7.0,40.0
43,Beth (Finca Beth),Mendoza,Paraje Altamira,San Carlos,No tiene,No tiene,No aplica,Indep.,Mza,5%,DTC,18.000,Proyecto,1.0,5.0
44,Bianchi (Bodegas Bianchi),Mendoza,Alto Las Paredes,San Rafael,bodegasbianchi.com.ar,bodegasbianchi.com.ar,Shopify,Indep.,Arg,30%,Intl,13.000.000,Grande,15.0,80.0
45,Bira Wines,Mendoza,La Arboleda,Tupungato,birawines.com,No tiene,No aplica,Indep.,Arg,10%,Reg,40.000,Proyecto,2.0,9.0
46,Bizzotto Family Wines,Mendoza,Gualtallary,Tupungato,No tiene,No tiene,No aplica,Indep.,Mza,0%,DTC,15.000,Proyecto,1.0,4.0
47,Blanchard & Lurton,Mendoza,Los Chacayes,Tunuyán,blanchardylurton.com,blanchardylurton.com/collections/all,Shopify,Indep.,Arg/Ext,35%,Bout,60.000,Boutique,2.0,7.0
48,Bocanada Wines,Mendoza,Vistalba,Luján de Cuyo,bocanadawines.com,No tiene,No aplica,Indep.,Mza,0%,DTC,12.000,Proyecto,1.0,3.0
49,Bombal,Mendoza,Lunlunta,Maipú,bodegabombal.com,bodegabombal.com/tienda,WooCommerce,Indep.,Arg,15%,Nac,200.000,Boutique,4.0,15.0
50,Bonfanti,Mendoza,Perdriel,Luján de Cuyo,vinosbonfanti.com.ar,https://www.vinosbonfanti.com.ar/tienda/,WooCommerce,Indep.,Arg,10%,Nac,110.000,Boutique,3.0,12.0
51,Bournett - Dijon,Mendoza,Cuadro Nacional,San Rafael,bournett.com.ar,bournett.com.ar,Tiendanube,Indep.,Arg,15%,Nac,250.000,Boutique,4.0,18.0
52,Boutique Chayee Bourras,Mendoza,Cuadro Benegas,San Rafael,bodegabourras.com.ar,No tiene,No aplica,Indep.,Mza,5%,Reg,50.000,Boutique,2.0,10.0
53,Bressia,Mendoza,Agrelo,Luján de Cuyo,bressiabodega.com,No tiene,No aplica,Indep.,Arg,20%,Nac,300.000,Boutique,5.0,20.0
54,BRUJERIAS WINE ESTATE SA.,Mendoza,Cañada Seca,San Rafael,bodegabrujerias.com/,bodegabrujerias.com/nuestros-vinos-2,WooCommerce,Indep.,Arg,10%,Reg,80.000,Boutique,3.0,11.0
55,Budeguer,Mendoza,Agrelo,Luján de Cuyo,budeguer.com,tienda.bodegabudeguer.com,Shopify,Indep.,Arg,30%,Intl,600.000,Mediana,5.0,25.0
56,Buono B,Mendoza,San Martín,San Martín,buonob.com.ar/wp/,buonob.com.ar/wp/index.php/tienda,WooCommerce,Indep.,Mza,0%,DTC,20.000,Proyecto,2.0,6.0
57,Cabrini,Mendoza,Perdriel,Luján de Cuyo,cabrini.com.ar,tienda.cabrini.com.ar,Tiendanube,Indep.,Arg,15%,Nac,850.000,Mediana,6.0,28.0
58,Cadus Wines - Grupo Peñaflor,Mendoza,Carrodilla,Luján de Cuyo,caduswines.com,vinosyspirits.com,Shopify,Gpo. Peñaflor,Arg/Ext,40%,Intl,350.000,Mediana,4.0,16.0
59,Caelum,Mendoza,Agrelo,Luján de Cuyo,bodegacaelum.com.ar,bodegacaelum.com.ar/tienda,WooCommerce,Indep.,Arg,15%,Nac,180.000,Boutique,3.0,14.0
60,CALLE,Mendoza,Mayor Drummond,Luján de Cuyo,bodegacalle.com/sp/,No tiene,No aplica,Indep.,Arg,10%,Nac,120.000,Boutique,3.0,12.0
61,Callejón del Crimen,Mendoza,Los Chacayes,Tunuyán,callejondelcrimen.com,No tiene,No aplica,Indep.,Arg,30%,Intl,900.000,Mediana,6.0,30.0
62,Cánepa Martin,Mendoza,Chacras de Coria,Luján de Cuyo,canepamartin.com,No tiene,No aplica,Indep.,Mza,5%,DTC,45.000,Proyecto,2.0,8.0
63,Canteros Wines,Mendoza,Vista Flores,Tunuyán,canteroswines.com,tienda.canteroswines.com,Tiendanube,Indep.,Mza,5%,DTC,30.000,Proyecto,2.0,7.0
64,Carelli,Mendoza,Reducción,Rivadavia,bodegacarelli.com.ar,bodegacarelli.com.ar/tienda-2/,WooCommerce,Indep.,Arg,15%,Nac,2.500.000,Grande,7.0,38.0
65,CarinaE Viñedos & Bodega,Mendoza,Cruz de Piedra,Maipú,No tiene,No tiene,No aplica,Indep.,Arg,15%,Nac,150.000,Boutique,3.0,15.0
66,Carmelo Patti (El Lagar),Mendoza,Mayor Drummond,Luján de Cuyo,bodegacarmelopatti.com,No tiene,No aplica,Indep.,Arg,5%,Reg,80.000,Boutique,2.0,6.0
67,Carmine Granata,Mendoza,Agrelo,Luján de Cuyo,bgacarminegranata.com.ar,No tiene,No aplica,Indep.,Arg,15%,Nac,80.000,Boutique,2.0,6.0
68,Caro,Mendoza,Godoy Cruz,Godoy Cruz,https://www.lafite.com/es/domaines/bodegas-caro-es/,No tiene,No aplica,LVMH,Ext,70%,Intl,400.000,Mediana,4.0,18.0
69,CARUSO HNOS,Mendoza,Los Árboles,Rivadavia,familiacaruso.com.ar,No tiene,No aplica,Indep.,Arg,15%,Nac,1.800.000,Grande,6.0,32.0
70,Casa de Uco Vineyards,Mendoza,Los Chacayes,Tunuyán,casadeuco.com,casadeuco.com/tienda-online,WooCommerce,Indep.,Ext,60%,Intl,1.800.000,Grande,6.0,32.0
71,Casa Vigil (El Enemigo),Mendoza,Chachingo,Maipú,enemigowines.com,No tiene,No aplica,Indep.,Arg/Ext,50%,Intl,150.000,Boutique,4.0,16.0
72,Casarena,Mendoza,Perdriel,Luján de Cuyo,casarena.com,Custom,Whatsapp,Indep.,Arg/Ext,45%,Intl,800.000,Mediana,5.0,25.0
73,CASIR DOS SANTOS S.R.L.,Mendoza,Fray Luis Beltrán,Maipú,bodegacasirdossantos.com/es/home-esp/,No tiene,No aplica,Indep.,Arg,20%,Nac,1.200.000,Mediana,6.0,30.0
74,Catena Zapata,Mendoza,Agrelo,Luján de Cuyo,catenazapata.com,No tiene,No aplica,Catena Fam.,Ext,70%,Intl,600.000,Mediana,5.0,22.0
75,CAVAS LA CAPILLA,Mendoza,Santa Blanca,Maipú,cavaslacapilla.com/,https://cavaslacapilla.com/tienda/,WooCommerce,Indep.,Arg,10%,Nac,10.500.000,Grande,12.0,75.0
76,Chaglasian,Mendoza,Las Paredes,San Rafael,chaglasianwinery.com,chaglasianwinery.com/tienda,Whatsapp,Indep.,Arg,15%,Nac,250.000,Boutique,4.0,15.0
77,Chakana Wines,Mendoza,Agrelo,Luján de Cuyo,chakanawines.com,chakanawines.com.ar,Tiendanube,Gpo. Avinea,Arg/Ext,40%,Intl,90.000,Boutique,3.0,10.0
78,Chandon,Mendoza,Agrelo,Luján de Cuyo,chandon.com.ar,No tiene,No aplica,LVMH,Arg,30%,Intl,1.500.000,Mediana,6.0,28.0
79,Cheval Des Andes,Mendoza,Las Compuertas,Luján de Cuyo,chevaldesandes.com,No tiene,No aplica,LVMH,Ext,80%,Intl,80.000,Boutique,8.0,40.0
80,Cicchitti,Mendoza,Rodeo de la Cruz,Guaymallén,bodegacicchitti.com/,bodegacicchitti.mitiendanube.com,Tiendanube,Indep.,Arg,15%,Nac,120.000,Boutique,2.0,6.0
81,Cielo y Tierra,Mendoza,Lunlunta,Maipú,cieloytierrasa.com.ar/,No tiene,No aplica,Indep.,Arg,15%,Nac,450.000,Mediana,4.0,20.0
82,Cimarrón Wines,Mendoza,Las Compuertas,Luján de Cuyo,cimarronwinesco.com,cimarronwinesco.com/tienda,WooCommerce,Indep.,Mza,5%,Reg,180.000,Boutique,3.0,12.0
83,Cinco Sentidos,Mendoza,Russell,Maipú,cinco-sentidos.com.ar,cincosentidos.ar/catalogo,Whatsapp,Indep.,Arg,15%,Nac,40.000,Proyecto,2.0,7.0
84,Clément,Mendoza,Algarrobo Grande,Junín,No tiene,No tiene,No aplica,Indep.,Arg,20%,Nac,350.000,Mediana,4.0,18.0
85,Clop Wines,Mendoza,Fray Luis Beltrán,Maipú,bodegadelosclop.com,tienda.clopwines.com,WooCommerce,Indep.,Arg,20%,Nac,1.800.000,Grande,6.0,32.0
86,Clos de Chacras,Mendoza,Chacras de Coria,Luján de Cuyo,closdechacras.com.ar,closdechacras.mitiendanube.com,Tiendanube,Indep.,Arg,15%,Nac,900.000,Mediana,5.0,24.0
87,Clos De Los Siete,Mendoza,Vista Flores,Tunuyán,closdelossiete.com,tienda.closdelossiete.com/,Tiendanube,C. de los 7,Ext,80%,Intl,280.000,Boutique,4.0,16.0
88,Club Tapiz - Fincas Patagónicas,Mendoza,Russell,Maipú,tapiz.com.ar,No tiene,No aplica,Fincas Pat.,Arg/Ext,45%,Intl,2.000.000,Grande,5.0,10.0
89,Colosso Wines,Mendoza,Perdriel,Luján de Cuyo,colossowines.com,No tiene,No aplica,Indep.,Arg,20%,Nac,1.500.000,Mediana,6.0,30.0
90,Conalbi Grinberg,Mendoza,Vistalba,Luján de Cuyo,conalbigrinberg.com,No tiene,No aplica,Indep.,Mza,5%,DTC,850.000,Mediana,5.0,26.0
91,Corazón del Sol,Mendoza,Los Chacayes,Tunuyán,corazondelsol.com,corazondelsol.com,Commerce7,Indep.,Ext,50%,Intl,60.000,Boutique,2.0,8.0
92,Corbeau Wines,Mendoza,Maipú,Maipú,corbeauwines.com/,corbeau.mitiendanube.com,Tiendanube,Indep.,Arg,30%,Intl,110.000,Boutique,3.0,12.0
93,Corvus Wines,Mendoza,Agrelo,Luján de Cuyo,No tiene,No tiene,No aplica,Indep.,Arg,10%,Reg,2.200.000,Grande,6.0,35.0
94,Cruz de Piedra,Mendoza,Cruz de Piedra,Maipú,No tiene,No tiene,No aplica,Indep.,Arg,25%,Nac,90.000,Boutique,3.0,10.0
95,Cruzat,Mendoza,Perdriel,Luján de Cuyo,bodegacruzat.com,cruzat.mitiendanube.com,Tiendanube,Indep.,Arg,35%,Intl,4.500.000,Grande,8.0,42.0
96,Cuadro Benegas S.A.,Mendoza,Mayor Drummond,Luján de Cuyo,fincacuadrobenegas.com.ar/,No tiene,No aplica,Indep.,Arg,15%,Nac,350.000,Mediana,4.0,16.0
97,Cuarto Dominio,Mendoza,Agrelo,Luján de Cuyo,cuartodominio.com.ar,cuartodominio.empretienda.com.ar,Empretienda,Indep.,Arg/Ext,40%,Intl,280.000,Boutique,3.0,14.0
98,Cundo Altamira,Mendoza,Paraje Altamira,San Carlos,No tiene,No tiene,No aplica,Indep.,Mza,0%,DTC,15.000,Proyecto,1.0,3.0
99,Cuvelier Los Andes,Mendoza,Vista Flores,Tunuyán,cuvelierlosandes.com,cuvelierlosandes.com/tienda,Custom,C. de los 7,Ext,70%,Intl,400.000,Mediana,4.0,15.0
100,Dante Robino,Mendoza,Perdriel,Luján de Cuyo,bodegadanterobino.com,No tiene,No aplica,Indep.,Arg,20%,Intl,6.500.000,Grande,9.0,45.0
101,David Catena Wines,Mendoza,Agrelo,Luján de Cuyo,No tiene,No tiene,No aplica,Catena Fam.,Ext,60%,Intl,120.000,Boutique,3.0,12.0
102,De Angeles,Mendoza,Vistalba,Luján de Cuyo,malbecdeangeles.com,No tiene,No aplica,Indep.,Ext,50%,Bout,50.000,Boutique,2.0,8.0
103,De Moño Rojo,Mendoza,Los Chacayes,Tunuyán,bodegasdmr.com/,No tiene,No aplica,Indep.,Mza,5%,DTC,35.000,Proyecto,2.0,6.0
104,Decero,Mendoza,Agrelo,Luján de Cuyo,fincadecero.com/,shop.fincadecero.com,Tiendanube,Indep.,Ext,65%,Intl,500.000,Mediana,4.0,18.0
105,del Nunca Jamás,Mendoza,Tunuyán,Tunuyán,postalesarg.com/la-bodega-postales/es/,No tiene,No aplica,Indep.,Mza,0%,DTC,18.000,Proyecto,1.0,4.0
106,Desquiciado Wines,Mendoza,Gualtallary,Tupungato,desquiciado.com/,No tiene,No aplica,Indep.,Arg,15%,Reg,85.000,Boutique,3.0,12.0
107,DiamAndes (Clos de los Siete),Mendoza,Vista Flores,Tunuyán,diamandes.com/,bodegadiamandes.store/,Tiendanube,C. de los 7,Ext,70%,Intl,650.000,Mediana,5.0,22.0
108,Divendres,Mendoza,Los Barriales,Junín,divendres.com.ar/,No tiene,No aplica,Indep.,Arg,15%,Nac,1.100.000,Mediana,5.0,25.0
109,Dolium,Mendoza,Agrelo,Luján de Cuyo,dolium.com,No tiene,No aplica,Indep.,Arg,25%,Nac,300.000,Boutique,4.0,16.0
110,Domaine Bousquet,Mendoza,Gualtallary,Tupungato,domainebousquet.com/,tienda.domainebousquet.com,Shopify,Indep.,Ext,75%,Intl,3.500.000,Grande,7.0,40.0
111,Domaine Le Billoud,Mendoza,Cruz de Piedra,Maipú,domainelebilloud.com/,domainelebilloud.com/shop,WooCommerce,Indep.,Arg,15%,Nac,250.000,Boutique,3.0,14.0
112,Domaine Nico,Mendoza,Gualtallary,Tupungato,domainenico.com/,No tiene,No aplica,Catena Fam.,Ext,60%,Bout,60.000,Boutique,2.0,7.0
113,Domaine St. Diego,Mendoza,Lunlunta,Maipú,domainestdiego.com/,No tiene,No aplica,Indep.,Mza,5%,DTC,45.000,Proyecto,2.0,8.0
114,Domiciano de Barrancas,Mendoza,Coquimbito,Maipú,domiciano.com.ar/,No tiene,No aplica,Indep.,Arg,15%,Nac,400.000,Mediana,4.0,18.0
115,DON ANTOLIN S.R.L.,Mendoza,Buen Orden,San Martín,bodegadonantolin.com.ar,No tiene,No aplica,Indep.,Arg,15%,Nac,2.500.000,Grande,6.0,32.0
116,Don Bosco,Mendoza,Maipú,Maipú,bodegadonbosco.com.ar/,No tiene,No aplica,Indep.,Arg,15%,Nac,800.000,Mediana,5.0,28.0
117,Don Carlos,Mendoza,Tupungato,Tupungato,fincadoncarlos.com,No tiene,No aplica,Indep.,Arg,15%,Nac,150.000,Boutique,3.0,12.0
118,DON CAYETANO S.A.,Mendoza,Santa María de Oro,Rivadavia,doncayetano.com.ar,No tiene,No aplica,Indep.,Arg,15%,Nac,1.800.000,Grande,5.0,25.0
119,Don Cristóbal,Mendoza,Ugarteche,Luján de Cuyo,doncristobal.com.ar,cristobal.com.ar/,Magento,Indep.,Ext,60%,Intl,1.500.000,Mediana,6.0,30.0
120,DON GERARDO S.A.,Mendoza,San Martín,San Martín,familianavarro.com.ar,familianavarro.com.ar/tienda,Whatsapp,Indep.,Arg,20%,Nac,3.200.000,Grande,7.0,38.0
121,Don Manuel Villafañe,Mendoza,El Paraíso,Maipú,No tiene,No tiene,No aplica,Indep.,Arg,20%,Nac,450.000,Mediana,4.0,18.0
122,DON OCTAVIO SRL.,Mendoza,Las Paredes,San Rafael,No tiene,No tiene,No aplica,Indep.,Arg,15%,Nac,280.000,Boutique,3.0,15.0
123,Doña Paula,Mendoza,Ugarteche,Luján de Cuyo,donapaula.com/,No tiene,No aplica,Indep.,Ext,75%,Intl,5.500.000,Grande,9.0,45.0
124,Dos Familias,Mendoza,Carrodilla,Luján de Cuyo,bodegadosfamilias.com,No tiene,No aplica,Indep.,Arg,10%,Reg,80.000,Boutique,2.0,9.0
125,Duret,Mendoza,San Rafael,San Rafael,bodegaduret.com,bodegaduret.mitiendanube.com,Tiendanube,Indep.,Mza,5%,DTC,40.000,Proyecto,2.0,6.0
126,Durigutti Family Winemakers,Mendoza,Las Compuertas,Luján de Cuyo,durigutti.com/,tienda.durigutti.com,WooCommerce,Indep.,Arg/Ext,45%,Intl,1.200.000,Mediana,6.0,32.0
127,Eclipse,Mendoza,Coquimbito,Maipú,bodegaeclipse.com.ar,No tiene,No aplica,Indep.,Arg,15%,Nac,200.000,Boutique,3.0,12.0
128,Edelmira,Mendoza,San Martín,San Martín,bodegaedelmira.com/,No tiene,No aplica,Indep.,Mza,5%,DTC,65.000,Boutique,2.0,8.0
129,El Bayeh,Mendoza,Ingeniero Giagnoni,San Martín,bodegaelbayeh.com.ar,No tiene,No aplica,Indep.,Arg,15%,Nac,450.000,Mediana,4.0,16.0
130,El Cerno,Mendoza,Maipú,Maipú,viñaelcerno.com,vinaelcerno.mitiendanube.com,Tiendanube,Indep.,Arg,10%,Reg,90.000,Boutique,3.0,10.0
131,El Nevado,Mendoza,Rama Caída,San Rafael,fincaelnevado.com/,https://fincaelnevado.com/nuestros-vinos/,Whatsapp,Indep.,Arg,15%,Nac,350.000,Mediana,4.0,18.0
132,El Origen,Mendoza,Los Chacayes,Tunuyán,fincaelorigen.com,No tiene,No aplica,Indep.,Ext,65%,Intl,1.500.000,Mediana,6.0,28.0
133,El Relator Wines,Mendoza,Agrelo,Luján de Cuyo,relatorwines.com.ar/,No tiene,No aplica,Indep.,Arg,15%,Nac,120.000,Boutique,3.0,14.0
134,EMILCA S.A.,Mendoza,La Libertad,Rivadavia,emilca.com.ar,emilca.com.ar,Empretienda,Indep.,Arg,10%,Nac,2.800.000,Grande,7.0,40.0
135,Entrometido Wines,Mendoza,Los Árboles,Tunuyán,entrometidowines.com/,entrometidowines.com/tienda,WooCommerce,Indep.,Mza,5%,DTC,25.000,Proyecto,2.0,5.0
136,Escala Humana Wines,Mendoza,El Zampal,Tupungato,escalahumanawines.com,No tiene,No aplica,Indep.,Arg,15%,Reg,40.000,Proyecto,2.0,7.0
137,Escorihuela,Mendoza,Godoy Cruz,Godoy Cruz,escorihuelagascon.com,tienda.escorihuela.com,VTEX,Indep.,Arg/Ext,45%,Intl,4.500.000,Grande,8.0,45.0
138,Esmeralda,Mendoza,Junín,Junín,bodegasesmeralda.com.ar,No tiene,No aplica,Indep.,Arg,20%,Nac,12.000.000,Grande,10.0,60.0
139,Estancia Mendoza,Mendoza,San Martín,San Martín,estanciamendoza.com.ar,No tiene,No aplica,Fecovita,Arg,15%,Nac,24.000.000,Grande,12.0,70.0
140,Etnia,Mendoza,Rama Caída,San Rafael,bodegaetnia.com,bodegaetnia.com/tienda,WooCommerce,Indep.,Mza,5%,Reg,60.000,Boutique,2.0,8.0
141,Fabre (Fabre Montmayou),Mendoza,Vistalba,Luján de Cuyo,fabremontmayou.com,No tiene,No aplica,Indep.,Ext,65%,Intl,1.800.000,Grande,6.0,32.0
142,Familia Blanco,Mendoza,Ugarteche,Luján de Cuyo,familiablancowines.com,bodegafamiliablanco.com,Tiendanube,Indep.,Arg,20%,Nac,350.000,Mediana,4.0,18.0
143,Familia Cassone,Mendoza,Mayor Drummond,Luján de Cuyo,familiacassone.com.ar,familiacassone.com.ar/tienda,Tiendanube,Indep.,Arg/Ext,40%,Intl,450.000,Mediana,4.0,20.0
144,Familia Cecchin,Mendoza,Russell,Maipú,bodegacecchin.com.ar,bodegacecchin.com.ar/tienda,WixCommerce,Indep.,Arg,20%,Nac,300.000,Boutique,4.0,16.0
145,Familia Crotta,Mendoza,Palmira,San Martín,crotta.com.ar,familiacrotta.mitiendanube.com,Tiendanube,Indep.,Arg,10%,Nac,8.500.000,Grande,10.0,55.0
146,Familia Di Tommaso,Mendoza,Russell,Maipú,No tiene,No tiene,No aplica,Indep.,Arg,10%,Nac,120.000,Boutique,3.0,12.0
147,Familia Furlan,Mendoza,La Consulta,San Carlos,familia-furlan.com/,No tiene,No aplica,Indep.,Arg,15%,Nac,180.000,Boutique,3.0,15.0
148,Familia Garavaglia,Mendoza,San Carlos,San Carlos,familiagaravaglia.com,No tiene,No aplica,Indep.,Arg,15%,Nac,220.000,Boutique,4.0,18.0
149,Familia Mastrantonio,Mendoza,Los Chacayes,Tunuyán,mastrantoniowines.com,familiamastrantonio.com/collection,Custom,Indep.,Arg,15%,Reg,90.000,Boutique,3.0,12.0
150,Familia Morcos,Mendoza,San Martín,San Martín,familiamorcos.com.ar,No tiene,No aplica,Indep.,Arg,10%,Nac,1.100.000,Mediana,5.0,28.0
151,Familia Zaina,Mendoza,La Consulta,San Carlos,familiazaina.com.ar/,familiazaina.com.ar,Tiendanube,Indep.,Arg,15%,Nac,150.000,Boutique,3.0,14.0
152,Familia Zanchetta (Bodega Raffy),Mendoza,Gualtallary,Tupungato,bodega-raffy-zanchetta.com,No tiene,No aplica,Indep.,Ext,40%,Bout,80.000,Boutique,3.0,10.0
153,FENIX,Mendoza,Barrancas,Maipú,fincafenix.online,fincafenix.online/tienda-de-vinos,WooCommerce,Indep.,Arg,15%,Nac,250.000,Boutique,4.0,16.0
154,Ferraro,Mendoza,Agrelo,Luján de Cuyo,ferraro-wines.com,ferraro-wines.com/shop,WooCommerce,Indep.,Arg,15%,Nac,180.000,Boutique,3.0,12.0
155,Ferrer (Finca Ferrer),Mendoza,Gualtallary,Tupungato,fincaferrer.com,fincaferrerwines.mitiendanube.com,Tiendanube,Indep.,Arg,25%,Nac,1.200.000,Mediana,6.0,32.0
156,FILUS S.A.,Mendoza,Lunlunta,Maipú,filuswine.com,No tiene,No aplica,Indep.,Arg,20%,Nac,450.000,Mediana,4.0,20.0
157,FINCA ABRIL S.A.,Mendoza,La Consulta,San Carlos,fincaabril.com,tienda.fincaabril.com,Tiendanube,Indep.,Arg,20%,Nac,300.000,Boutique,4.0,18.0
158,Finca Agostino,Mendoza,Barrancas,Maipú,agostinowinegroup.com,No tiene,No aplica,Indep.,Ext,60%,Intl,1.800.000,Grande,6.0,35.0
159,FINCA LA PRUDENCIA S.R.L.,Mendoza,Alto Verde,San Martín,laprudencia.com.ar,No tiene,No aplica,Indep.,Arg,5%,Nac,3.500.000,Grande,8.0,40.0
160,FINCA REIQUEHUE S.A.,Mendoza,Chilecito,San Carlos,fincareiquehue.com,fincareiquehue.mitiendanube.com,Tiendanube,Indep.,Arg,15%,Nac,280.000,Boutique,3.0,15.0
161,Finca Sophenia,Mendoza,Gualtallary,Tupungato,sophenia.com.ar,tienda.sophenia.com.ar,WooCommerce,Indep.,Arg/Ext,45%,Intl,1.500.000,Mediana,6.0,30.0
162,Flechas de los Andes (Clos de los Siete),Mendoza,Vista Flores,Tunuyán,flechasdelosandes.com,vinoelsalvador.com,WooCommerce,C. de los 7,Ext,75%,Intl,800.000,Mediana,5.0,25.0
163,Flichman,Mendoza,Barrancas,Maipú,flichman.com.ar,tienda.flichman.com.ar,Shopify,Pernod Ricard,Ext,65%,Intl,12.000.000,Grande,12.0,65.0
164,Florio,Mendoza,Cruz de Piedra,Maipú,bodegaflorio.com.ar,No tiene,No aplica,Indep.,Arg,15%,Nac,2.500.000,Grande,7.0,35.0
165,Funckenhausen,Mendoza,San Rafael,San Rafael,funckenhausen.com,No tiene,No aplica,Indep.,Arg,20%,Nac,400.000,Mediana,4.0,18.0
166,Furlotti,Mendoza,Chacras de Coria,Luján de Cuyo,familiafurlotti.com,familiafurlotti.com/tienda,WooCommerce,Indep.,Arg,15%,Nac,150.000,Boutique,3.0,12.0
167,Galan,Mendoza,Cuadro Benegas,San Rafael,bodegagalan.com.ar,mercadolibre.com.ar/pagina/bodegagalan,Mercadolibre,Indep.,Arg,15%,Nac,250.000,Boutique,4.0,16.0
168,Gauchezco,Mendoza,Barrancas,Maipú,gauchezco.com,gauchezco.com/collections/all,Shopify,Indep.,Ext,50%,Intl,900.000,Mediana,5.0,28.0
169,GENARO CACACE E HIJOS SRL,Mendoza,Rivadavia,Rivadavia,bodegagenarocacace.com.ar/,familianavarro.com.ar/tienda,Whatsapp,Indep.,Arg,15%,Nac,2.200.000,Grande,6.0,32.0
170,GIAQUINTA HERMANOS S.R.L.,Mendoza,La Arboleda,Tupungato,familiagiaquinta.com,No tiene,No aplica,Indep.,Arg,15%,Nac,18.000,Proyecto,,
171,GIAROLI,Mendoza,Las Paredes,San Rafael,sites.google.com/view/bodegasgiaroli/la-bodega,No tiene,No aplica,Indep.,Arg,15%,Nac,600.000,Mediana,5.0,22.0
172,Giménez Riili,Mendoza,Los Sauces,Tunuyán,gimenezriili.com,gimenezriili.com/vinos,WooCommerce,Indep.,Arg,20%,Nac,350.000,Mediana,4.0,18.0
173,Giramundo,Mendoza,San Martín,San Martín,giramundowines.com,No tiene,No aplica,Indep.,Mza,5%,DTC,45.000,Proyecto,2.0,8.0
174,Gouguenheim Winery,Mendoza,San José,Tupungato,gouguenheim.com.ar,No tiene,No aplica,Indep.,Ext,65%,Intl,1.500.000,Mediana,6.0,32.0
175,Goulart,Mendoza,Lunlunta,Maipú,goulartwinery.com,goulartwinery.com/tienda,Tiendanube,Indep.,Arg,20%,Nac,300.000,Boutique,4.0,16.0
176,Goyenechea,Mendoza,Villa Atuel,San Rafael,goyenechea.com,No tiene,No aplica,Indep.,Arg,20%,Nac,2.800.000,Grande,8.0,45.0
177,GRAND ESTATE S.A.S,Mendoza,San Rafael,San Rafael,grandestate.com.ar/,No tiene,No aplica,Indep.,Arg,10%,Nac,180.000,Boutique,3.0,14.0
178,Gualtallary (Altus - Gualtallary Wines),Mendoza,Gualtallary,Tupungato,gualtallarywines.com/es/home/,gualtallarywines.com/es/store,WooCommerce,Indep.,Arg,15%,Nac,250.000,Boutique,4.0,18.0
179,GUARDIANES S. A. S,Mendoza,Barrancas,Maipú,No tiene,No tiene,No aplica,Indep.,Arg,10%,Reg,120.000,Boutique,3.0,10.0
180,Hacienda Del Plata,Mendoza,Mayor Drummond,Luján de Cuyo,haciendadelplata.com,No tiene,No aplica,Indep.,Arg,20%,Nac,400.000,Mediana,4.0,20.0
181,HECTOR MELI S.R.L.,Mendoza,San José,Tupungato,familiameli.com/,familiameli.com/shop,WooCommerce,Indep.,Arg,20%,Nac,600.000,Mediana,5.0,25.0
182,Hinojosa,Mendoza,Las Pintadas,Tunuyán,No tiene,No tiene,No aplica,Indep.,Arg,25%,Nac,1.200.000,Mediana,6.0,28.0
183,Homo Felix,Mendoza,Vistalba,Luján de Cuyo,homofelix.ar,No tiene,No aplica,Indep.,Mza,0%,DTC,20.000,Proyecto,2.0,6.0
184,Huarpe,Mendoza,Agrelo,Luján de Cuyo,wht.com.ar/,wht.com.ar/tienda-hr,Whatsapp,Indep.,Arg,25%,Nac,350.000,Mediana,4.0,18.0
185,Huentala Wines,Mendoza,Gualtallary,Tupungato,huentalawines.com.ar/,store.huentalawines.com,Tiendanube,Indep.,Arg,25%,Nac,450.000,Mediana,5.0,22.0
186,Iaccarini,Mendoza,San Rafael,San Rafael,bodegaiaccarini.com.ar/,iaccariniwines.com.ar,Tiendanube,Indep.,Arg,15%,Nac,300.000,Boutique,4.0,16.0
187,Ibarra,Mendoza,Las Paredes,San Rafael,bodegafamiliaibarra.com.ar/,bodegafamiliaibarra.com.ar/familia-ibarra,WooCommerce,Indep.,Arg,15%,Nac,120.000,Boutique,3.0,12.0
188,Iral,Mendoza,Maipú,Maipú,fincairal.com,No tiene,No aplica,Indep.,Mza,5%,DTC,85.000,Boutique,3.0,10.0
189,Iúdica (Iúdica Vinos S.A.),Mendoza,San Roque,Maipú,bodegaiudica.com.ar/,bodegaiudica.com.ar/#catalogo,Whatsapp,Indep.,Arg,15%,Nac,400.000,Mediana,4.0,18.0
190,Jean Rivier,Mendoza,San Rafael,San Rafael,jeanrivier.com,No tiene,No aplica,Indep.,Arg,25%,Nac,800.000,Mediana,5.0,26.0
191,Joffré (RJ Viñedos),Mendoza,Perdriel,Luján de Cuyo,rjvinedos.com,No tiene,No aplica,Indep.,Arg/Ext,30%,Nac,450.000,Mediana,4.0,20.0
192,Kaiken,Mendoza,Vistalba,Luján de Cuyo,kaikenwines.com,No tiene,No aplica,Indep.,Ext,65%,Intl,2.500.000,Grande,7.0,35.0
193,Kalos Wines,Mendoza,Perdriel,Maipú,No tiene,No tiene,No aplica,Indep.,Mza,10%,Reg,60.000,Boutique,2.0,8.0
194,Kineta,Mendoza,Fray Luis Beltrán,Maipú,bodegakineta.com,No tiene,No aplica,Indep.,Arg,15%,Nac,250.000,Boutique,3.0,14.0
195,Krontiras,Mendoza,Las Compuertas,Luján de Cuyo,krontiraswines.com,krontiraswines.com/tienda-organica,WooCommerce,Indep.,Arg,15%,Nac,180.000,Boutique,3.0,12.0
196,La Abeja,Mendoza,San Rafael,San Rafael,bodegalaabeja.com.ar,bodegalaabeja.com.ar/tienda,WooCommerce,Indep.,Arg,15%,Nac,300.000,Boutique,4.0,16.0
197,La Amalia,Mendoza,Carrodilla,Luján de Cuyo,amalia.com.ar,No tiene,No aplica,Indep.,Arg,20%,Nac,800.000,Mediana,5.0,25.0
198,La Azul,Mendoza,Agua Amarga,Tupungato,bodegalaazul.com,No tiene,No aplica,Indep.,Arg,15%,Nac,150.000,Boutique,3.0,12.0
199,La Cayetana,Mendoza,Cruz de Piedra,Maipú,No tiene,No tiene,No aplica,Indep.,Mza,5%,DTC,90.000,Boutique,3.0,10.0
200,La Celia,Mendoza,Eugenio Bustos,San Carlos,laceliawines.com,No tiene,No aplica,Gpo. Roemmers,Ext,70%,Intl,4.000.000,Grande,8.0,42.0
201,La Coste de los Andes,Mendoza,Los Chacayes,Tunuyán,lacostedelosandes.com.ar,lacostedelosandes.com.ar/productos,Tiendanube,Indep.,Ext,50%,Intl,120.000,Boutique,3.0,12.0
202,La Finquita 1920,Mendoza,Maipú,Maipú,lafinquita1920.com.ar,No tiene,No aplica,Indep.,Mza,5%,DTC,75.000,Boutique,2.0,8.0
203,La Giostra del Vino,Mendoza,Agrelo,Luján de Cuyo,No tiene,No tiene,No aplica,Indep.,Arg,10%,Reg,40.000,Proyecto,2.0,6.0
204,LA IRIDE S.R.L.,Mendoza,Rodeo del Medio,Maipú,lairide.com.ar,tienda.lairide.com,WooCommerce,Indep.,Arg,20%,Nac,3.500.000,Grande,7.0,38.0
205,La Liga de los Enólogos - Grupo Peñaflor,Mendoza,Coquimbito,Maipú,laligadeenologos.com.ar,vinosyspirits.com,Shopify,Gpo. Peñaflor,Arg,15%,Nac,2.000.000,Grande,5.0,22.0
206,La Luz,Mendoza,Villa Seca,Tunuyán,No tiene,No tiene,No aplica,Indep.,Arg,25%,Nac,1.800.000,Grande,6.0,30.0
207,La Rosa - Grupo Peñaflor,Mendoza,Coquimbito,Maipú,No tiene,vinosyspirits.com,Shopify,Gpo. Peñaflor,Arg,25%,Intl,6.000.000,Grande,9.0,48.0
208,La Rural,Mendoza,Coquimbito,Maipú,bodegalarural.com.ar,No tiene,No aplica,Indep.,Arg,30%,Intl,"8.500,000",Grande,11.0,60.0
209,LA VENDIMIA S.A.I.C.F.,Mendoza,San Rafael,San Rafael,bodegalavendimia.com,No tiene,No aplica,Indep.,Arg,10%,Nac,2.200.000,Grande,6.0,35.0
210,La Vieja Bodega Serra,Mendoza,Rama Caída,San Rafael,bodegaserra.com.ar,bodegaserra.com.ar/tienda,WooCommerce,Indep.,Arg,15%,Nac,400.000,Mediana,4.0,18.0
211,Labiano,Mendoza,Rama Caída,San Rafael,bodegalabiano.com,bodegalabiano.com/labiano/tienda,WooCommerce,Indep.,Arg,20%,Nac,600.000,Mediana,5.0,24.0
212,Lagarde,Mendoza,Mayor Drummond,Luján de Cuyo,lagarde.com.ar,mercadolibre.com.ar/tienda/lagarde,Mercado Libre,Indep.,Arg,30%,Intl,2.100.000,Grande,7.0,38.0
213,Lamadrid Estate Wines,Mendoza,Agrelo,Luján de Cuyo,lamadridwines.com,lamadridwines.com/lamadrid-clasicos,WooCommerce,Indep.,Arg/Ext,45%,Intl,650.000,Mediana,5.0,26.0
214,Las Moras - Grupo Peñaflor,San Juan,Zonda y Pedernal,San Juan,fincalasmoras.com.ar,vinosyspirits.com,Shopify,Gpo. Peñaflor,Arg,30%,Intl,18.000.000,Grande,12.0,70.0
215,Laureano Gomez,Mendoza,Tunuyán,Tunuyán,bodegagarage.com,No tiene,Whatsapp,Indep.,Mza,5%,DTC,45.000,Proyecto,2.0,8.0
216,Llaver,Mendoza,San Martín,San Martín,No tiene,No tiene,No aplica,Indep.,Arg,15%,Nac,2.500.000,Grande,6.0,32.0
217,LOMAS DEL MALBEC S.A.,Mendoza,Ugarteche,Luján de Cuyo,lomasdelmalbec.com,No tiene,No aplica,Indep.,Arg,20%,Nac,800.000,Mediana,5.0,25.0
218,López,Mendoza,Gutiérrez,Maipú,bodegaslopez.com.ar,No tiene,No aplica,Indep.,Arg,15%,Nac,15.000.000,Grande,14.0,85.0
219,Lorenzo de Agrelo,Mendoza,Agrelo,Luján de Cuyo,lorenzowines.com.ar,lorenzowines.com.ar/shop-list,WooCommerce,Indep.,Arg,15%,Nac,120.000,Boutique,3.0,12.0
220,Los Haroldos,Mendoza,San Martín,San Martín,losharoldos.com,familiafalasco.com,Shopify,Fam. Falasco,Arg,15%,Nac,40.000.000,Grande,15.0,90.0
221,Los Helechos,Mendoza,El Peral,Tupungato,No tiene,tienda.fecovita.com,Shopify,Fecovita,Arg,20%,Nac,1.500.000,Mediana,6.0,30.0
222,Los Maza,Mendoza,Maipú,Maipú,flmwines.com,No tiene,No aplica,Indep.,Arg,15%,Nac,350.000,Mediana,4.0,18.0
223,Los Noques (Bonetto),Mendoza,La Consulta,San Carlos,losnoques.com,No tiene,No aplica,Indep.,Arg,15%,Nac,180.000,Boutique,3.0,14.0
224,Los Toneles,Mendoza,Guaymallén,Guaymallén,bodegalostoneles.com,www.tienda.familiamillan.com,Tiendanube,Fam. Millán,Arg,25%,Intl,3.500.000,Grande,8.0,45.0
225,Luca,Mendoza,Gualtallary,Tupungato,lucawines.com,No tiene,No aplica,Catena Fam.,Ext,75%,Intl,250.000,Boutique,4.0,16.0
226,Lui Wines,Mendoza,Vista Flores,Tunuyán,luiwines.com,tienda.luiwines.com,WooCommerce,Indep.,Arg,10%,Reg,90.000,Boutique,3.0,12.0
227,Luigi Bosca,Mendoza,Mayor Drummond,Luján de Cuyo,luigibosca.com,tienda.luigibosca.com,VTEX,Indep.,Arg,40%,Intl,6.000.000,Grande,12.0,65.0
228,LUIS MORA S.A.,Mendoza,Ugarteche,Luján de Cuyo,bodegaluismora.com.ar,No tiene,No aplica,Indep.,Arg,15%,Nac,1.800.000,Grande,6.0,32.0
229,Luis Segundo Correas,Mendoza,Medrano,Rivadavia,bodegacorreas.com.ar,No tiene,No aplica,Indep.,Arg,20%,Nac,,Desconocido,,
230,Lupa Wines,Mendoza,Gualtallary,Tupungato,lupawines.com,lupawines.com/tienda,WooCommerce,Indep.,Mza,5%,DTC,25.000,Proyecto,2.0,5.0
231,Maal Wines,Mendoza,Las Compuertas,Luján de Cuyo,maalwines.com,maal4.mitiendanube.com,Tiendanube,Indep.,Arg,20%,Nac,120.000,Boutique,3.0,10.0
232,Magna Montis,Mendoza,Paraje Altamira,San Carlos,magnamontis.com,No tiene,No aplica,Indep.,Mza,5%,DTC,45.000,Proyecto,2.0,7.0
233,MAINQUE,Mendoza,Cruz de Piedra,Maipú,bodegasmainque.com.ar,bodegasmainque.com.ar/tienda,WooCommerce,Indep.,Arg,15%,Nac,250.000,Boutique,3.0,14.0
234,MAISON NEUVE S.R.L.,Mendoza,Rivadavia,Rivadavia,rougemaison.com.ar/,rougemaison.com.ar/,VTEX,Indep.,Arg,15%,Nac,800.000,Mediana,5.0,24.0
235,MAKILA SRL,Mendoza,Cañada Seca,San Rafael,makilabodega.com.ar,tiendamakila.com.ar,Empretienda,Indep.,Mza,5%,DTC,60.000,Boutique,2.0,8.0
236,MANUEL M MUSSE Y OTRA,Mendoza,Medrano,Rivadavia,familiamusse.com,familiamusse.com/tienda,WooCommerce,Indep.,Arg,15%,Nac,400.000,Mediana,4.0,18.0
237,Marcelo Pelleriti Wines,Mendoza,Vista Flores,Tunuyán,pelleritipriore.com,pelleritipriore.store,Shopify,Indep.,Arg,20%,Nac,180.000,Boutique,4.0,16.0
238,Marchiori & Barraud,Mendoza,Perdriel,Luján de Cuyo,marchioribarraud.com,No tiene,No aplica,Indep.,Arg,15%,Reg,90.000,Boutique,3.0,10.0
239,Margot - Quincho Maula,Mendoza,El Álamo,Tupungato,bodegamargot.com.ar/,No tiene,No aplica,Indep.,Arg,15%,Nac,150.000,Boutique,3.0,12.0
240,Martha,Mendoza,San Rafael,San Rafael,fincamartha.com,No tiene,No aplica,Indep.,Ext,60%,Intl,2.500.000,Grande,7.0,35.0
241,Martino Wines,Mendoza,Mayor Drummond,Luján de Cuyo,martinowines.com.ar,tienda.martinowines.com.ar,WooCommerce,Indep.,Arg,20%,Nac,300.000,Boutique,4.0,18.0
242,Mascota Vineyards - Grupo Peñaflor,Mendoza,Cruz de Piedra,Maipú,mascotavineyards.com,vinosyspirits.com,Shopify,Gpo. Peñaflor,Ext,70%,Intl,2.800.000,Grande,8.0,42.0
243,Masi Tupungato,Mendoza,La Arboleda,Tupungato,masitupungato.com,No tiene,No aplica,Indep.,Ext,60%,Intl,450.000,Mediana,4.0,16.0
244,Mastroeni,Mendoza,Mayor Drummond,Luján de Cuyo,No tiene,No tiene,No aplica,Indep.,Arg,20%,Nac,600.000,Mediana,5.0,25.0
245,Matervini,Mendoza,Perdriel,Luján de Cuyo,matervini.com,No tiene,No aplica,Indep.,Ext,40%,Bout,80.000,Boutique,3.0,9.0
246,MAURICIO LORCA S.A.,Mendoza,Perdriel,Luján de Cuyo,bodegafosterlorca.com,bodegafosterlorca.com/tienda,WooCommerce,Foster Lorca,Arg/Ext,45%,Intl,1.200.000,Mediana,6.0,35.0
247,Mayol,Mendoza,Perdriel,Luján de Cuyo,No tiene,No tiene,No aplica,Indep.,Arg,20%,Nac,250.000,Boutique,3.0,15.0
248,Melipal,Mendoza,Agrelo,Luján de Cuyo,No tiene,No tiene,No aplica,Indep.,Arg,25%,Nac,600.000,Mediana,5.0,24.0
249,Mendel,Mendoza,Mayor Drummond,Luján de Cuyo,mendel.com.ar,No tiene,No aplica,Indep.,Arg/Ext,50%,Intl,450.000,Mediana,4.0,18.0
250,Mendoza Vineyeards,Mendoza,Agrelo,Luján de Cuyo,mendozavineyards.com,No tiene,No aplica,Indep.,Ext,70%,Intl,4.000.000,Grande,8.0,48.0
251,Mesidor (Cooperativa Vitivinícola Nueva California),Mendoza,Nueva California,San Martín,bodeganuevacalifornia.com/,bodeganuevacalifornia.mitiendanube.com,Tiendanube,Coop.,Arg,5%,Nac,15.000.000,Grande,10.0,50.0
252,Mevi,Mendoza,Maipú,Maipú,fincamevi.com.ar,mevi.ar,Tiendanube,Indep.,Arg,15%,Nac,250.000,Boutique,3.0,14.0
253,Mi Terruño,Mendoza,Maipú,Maipú,bodegamiterruno.com.ar,tiendabodegamiterruno.mitiendanube.com,Tiendanube,Indep.,Arg/Ext,40%,Intl,1.200.000,Mediana,6.0,32.0
254,MIGUEL MINNI,Mendoza,Perdriel,Luján de Cuyo,bodegamiguelminni.com.ar,No tiene,No aplica,Indep.,Arg,25%,Nac,800.000,Mediana,5.0,26.0
255,Mil Suelos (Proyecto Enológico),Mendoza,Chachingo,Maipú,milsuelos.com,milsuelos.com/tienda,WooCommerce,Indep.,Arg,20%,Nac,180.000,Boutique,4.0,18.0
256,Minimal,Mendoza,Maipú,Maipú,No tiene,No tiene,No aplica,Indep.,Mza,0%,DTC,15.000,Proyecto,1.0,4.0
257,Monte Quieto Sa,Mendoza,Agrelo,Luján de Cuyo,montequieto.com,No tiene,No aplica,Indep.,Arg,20%,Nac,220.000,Boutique,4.0,16.0
258,Monteviejo,Mendoza,Vista Flores,Tunuyán,monteviejo.com.ar,wines.monteviejo.com.ar,Shopify,C. de los 7,Arg/Ext,50%,Intl,1.500.000,Mediana,6.0,30.0
259,MONTLAIZ,Mendoza,Montecaseros,San Martín,montlaiz.com,montlaiz.com/tienda,WooCommerce,Indep.,Ext,60%,Intl,3.500.000,Grande,7.0,40.0
260,Mundo Revés,Mendoza,Tupungato,Tupungato,mundoreveswines.com,mundoreves.mitiendanube.com,Tiendanube,Indep.,Mza,10%,Reg,,Desconocido,,
261,Nasha Wines,Mendoza,Luján de Cuyo,Luján de Cuyo,No tiene,No tiene,No aplica,Indep.,Mza,0%,DTC,12.000,Proyecto,1.0,3.0
262,Navarro Correas - Grupo Peñaflor,Mendoza,Godoy Cruz,Godoy Cruz,navarrocorreas.com.ar/es/,vinosyspirits.com/,Shopify,Gpo. Peñaflor,Arg,25%,Intl,8.500.000,Grande,10.0,55.0
263,Nieto Senetiner,Mendoza,Vistalba,Luján de Cuyo,nietosenetiner.com.ar,No tiene,No aplica,Gpo. Molinos,Arg,25%,Intl,12.000.000,Grande,14.0,75.0
264,Niven,Mendoza,Junín,Junín,No tiene,No tiene,No aplica,Indep.,Arg,15%,Reg,90.000,Boutique,3.0,12.0
265,Norton,Mendoza,Perdriel,Luján de Cuyo,norton.com.ar,shop.norton.com.ar,Shopify,Indep.,Ext,60%,Intl,10.800.000,Grande,15.0,95.0
266,O. Fournier (Santa Sofía),Mendoza,La Consulta,San Carlos,ofournier.com,No tiene,No aplica,Indep.,Ext,60%,Intl,800.000,Mediana,5.0,25.0
267,Ojo de Agua,Mendoza,Agrelo,Luján de Cuyo,ojodeagua.global,No tiene,No aplica,Indep.,Ext,65%,Intl,450.000,Mediana,4.0,20.0
268,Onofri Wines,Mendoza,Lavalle,Lavalle,No tiene,No tiene,No aplica,Indep.,Mza/Arg,10%,Bout,35.000,Proyecto,2.0,7.0
269,Otero Ramos,Mendoza,Mayor Drummond,Luján de Cuyo,No tiene,No tiene,No aplica,Indep.,Arg,20%,Nac,300.000,Boutique,4.0,16.0
270,Palo Alto,Mendoza,San Martín,San Martín,bodegapaloalto.com.ar/es,bodegapaloalto3.mitiendanube.com,Tiendanube,Indep.,Arg,20%,Nac,1.200.000,Mediana,6.0,32.0
271,Paso a Paso Wines,Mendoza,El Algarrobal,Las Heras,pasoapasowines.com.ar,No tiene,No aplica,Indep.,Mza/Arg,5%,DTC,25.000,Proyecto,2.0,6.0
272,PATRON SANTIAGO S.A.,Mendoza,Rodeo del Medio,Maipú,patronsantiago.com,No tiene,No aplica,Indep.,Arg,20%,Nac,800.000,Mediana,5.0,25.0
273,Penedo Borges Boutique,Mendoza,Agrelo,Luján de Cuyo,penedoborges.com,tienda.penedoborges.com.ar,Shopify,Indep.,Arg,15%,Nac,150.000,Boutique,3.0,14.0
274,PER SE VINES SA,Mendoza,Gualtallary,Tupungato,persevines.com/,https://persevines.com/tienda/,WooCommerce,Indep.,Ext,40%,Bout,18.000,Proyecto,1.0,4.0
275,Piattelli,Mendoza,Agrelo,Luján de Cuyo,piattellivineyards.com,piattellidirect.com/shop,WooCommerce,Indep.,Ext,60%,Intl,800.000,Mediana,5.0,28.0
276,Piedra Negra (François Lurton),Mendoza,Vista Flores,Luján de Cuyo,bodegapiedranegra.com/,tienda.bodegapiedranegra.com,Shopify,Indep.,Ext,70%,Intl,900.000,Mediana,6.0,30.0
277,Poesia,Mendoza,Las Compuertas,Luján de Cuyo,No tiene,No tiene,No aplica,Indep.,Arg,15%,Nac,120.000,Boutique,3.0,10.0
278,Privado Oasis Sur (Jorge Rubio),Mendoza,General Alvear,General Alvear,autorjorgerubio.com.ar/,tienda.autorjorgerubio.com.ar/,Tiendanube,Indep.,Arg,15%,Nac,1.800.000,Grande,6.0,35.0
279,Proemio Wines,Mendoza,Russell,Maipú,proemiowines.com,No tiene,No aplica,Indep.,Ext,50%,Intl,600.000,Mediana,5.0,24.0
280,Pulenta Estate,Mendoza,Agrelo,Luján de Cuyo,pulentaestate.com,No tiene,No aplica,Indep.,Arg/Ext,50%,Intl,1.500.000,Mediana,7.0,35.0
281,Puramun,Mendoza,San José,Tupungato,No tiene,No tiene,No aplica,Indep.,Arg,15%,Reg,90.000,Boutique,3.0,12.0
282,QUATTROCCHI,Mendoza,Costa de Araujo,Lavalle,bodegaquattrocchi.com.ar,No tiene,No aplica,Indep.,Arg,15%,Nac,2.500.000,Grande,7.0,38.0
283,RAMA CAIDA S.A.,Mendoza,Rama Caída,San Rafael,ramacaida.com,No tiene,No aplica,Indep.,Arg,5%,Nac,3.500.000,Grande,8.0,45.0
284,Raquis,Mendoza,Las Compuertas,Luján de Cuyo,raquis.ar,No tiene,No aplica,Indep.,Mza,5%,DTC,25.000,Proyecto,2.0,6.0
285,Renacer,Mendoza,Perdriel,Luján de Cuyo,bodegarenacer.com.ar,No tiene,No aplica,Gpo. Molinos,Ext,50%,Intl,1.200.000,Mediana,6.0,32.0
286,REVAL SAN ISIDRO S.A.,Mendoza,Rivadavia,Rivadavia,revalsanisidro.com.ar,No tiene,No aplica,Indep.,Arg,5%,Nac,4.000.000,Grande,8.0,48.0
287,Ricardo Santos,Mendoza,Russell,Maipú,ricardosantos.com/main/index.php/,ricardosantos.com/main/?page_id=3935,WooCommerce,Indep.,Arg/Ext,40%,Intl,350.000,Mediana,4.0,18.0
288,Riccitelli Wines,Mendoza,Las Compuertas,Luján de Cuyo,matiasriccitelli.com,matiasriccitelli.com/tienda,WooCommerce,Indep.,Arg/Ext,45%,Intl,450.000,Mediana,5.0,22.0
289,Richardi Fazio Menegazzo,Mendoza,Rodeo de la Cruz,Guaymallén,bodegarfm.com.ar,No tiene,No aplica,Indep.,Arg,15%,Nac,120.000,Boutique,3.0,14.0
290,Ricominciare,Mendoza,La Consulta,San Carlos,ricominciare.com.ar,No tiene,No aplica,Indep.,Arg,10%,Reg,80.000,Boutique,3.0,10.0
291,Riglos,Mendoza,Agrelo,Luján de Cuyo,rigloswines.com,wht.com.ar/tienda-hr,Whatsapp,Indep.,Arg/Ext,40%,Intl,180.000,Boutique,4.0,15.0
292,Rolland,Mendoza,Vista Flores,Tunuyán,bodegarolland.com,bodegarolland.com/tienda,WooCommerce,C. de los 7,Ext,75%,Intl,250.000,Boutique,4.0,16.0
293,Rosell Boher,Mendoza,Chacras de Coria,Luján de Cuyo,rosellboher.com/,tienda.rosellboher.com,Shopify,Indep.,Arg/Ext,40%,Intl,600.000,Mediana,5.0,25.0
294,RUBINO HNOS.SACIFA,Mendoza,Rodeo de la Cruz,Guaymallén,familiarubino.com,shop.familiarubino.com,Shopify,Indep.,Arg,20%,Nac,1.800.000,Grande,6.0,32.0
295,Ruca Malén,Mendoza,Agrelo,Luján de Cuyo,bodegarucamalen.com,No tiene,No aplica,Gpo. Molinos,Arg/Ext,45%,Intl,1.500.000,Mediana,6.0,30.0
296,Ruggeri,Mendoza,Mayor Drummond,Luján de Cuyo,bodegaruggeri.com,No tiene,No aplica,Indep.,Arg,20%,Nac,350.000,Mediana,4.0,18.0
297,Rutini (La Rural),Mendoza,Coquimbito,Maipú,rutiniwines.com,tienda.rutiniwines.com,Shopify,Indep.,Arg/Ext,45%,Intl,7.500.000,Grande,11.0,65.0
298,Salada Wines,Mendoza,San Rafael,San Rafael,seladawines.com,No tiene,No aplica,Indep.,Mza,0%,DTC,25.000,Proyecto,2.0,6.0
299,Salentein,Mendoza,Los Árboles,Tunuyán,bodegasalentein.com,bodegasalentein.com/mediasiteintro,Custom,Gpo. Salentein,Ext,60%,Intl,9.000.000,Grande,9.0,40.0
300,San Humberto,Mendoza,Vistalba,Luján de Cuyo,www.bodegassanhuberto.com.ar,No tiene,No aplica,Indep.,Arg,25%,Nac,2.500.000,Grande,7.0,38.0
301,San Polo,Mendoza,La Consulta,San Carlos,sanpolo.com.ar,No tiene,No aplica,Indep.,Arg,25%,Nac,800.000,Mediana,5.0,28.0
302,San Telmo - Grupo Peñaflor,Mendoza,Cruz de Piedra,Maipú,bodegasantelmo.com.ar,vinosyspirits.com,Shopify,Gpo. Peñaflor,Arg,25%,Intl,8.000.000,Grande,10.0,50.0
303,SANCHEZ S.A.,Mendoza,El Carrizal,Luján de Cuyo,bodegasanchezsa.com,No tiene,No aplica,Indep.,Arg,20%,Nac,1.500.000,Mediana,6.0,30.0
304,Santa Ana - Grupo Peñaflor,Mendoza,Maipú,Maipú,No tiene,vinosyspirits.com,Shopify,Gpo. Peñaflor,Arg,30%,Intl,18.000.000,Grande,12.0,70.0
305,Santa Julia,Mendoza,Maipú,Maipú,santajulia.com.ar,No tiene,No aplica,Fam. Zuccardi,Arg/Ext,50%,Intl,25.000.000,Grande,16.0,95.0
306,Sarapura Wines,Mendoza,Los Chacayes,Tunuyán,No tiene,No tiene,No aplica,Indep.,Mza,5%,Reg,35.000,Proyecto,2.0,8.0
307,Sardi,Mendoza,Algarrobal,Las Heras,fincasardi.com.ar/,No tiene,No aplica,Indep.,Arg,10%,Reg,120.000,Boutique,3.0,12.0
308,Savina,Mendoza,Lunlunta,Maipú,bodegafincasavina.com/,bodegafincasavina.com/categoria-producto/vinos/,WooCommerce,Indep.,Arg,10%,Reg,60.000,Boutique,2.0,9.0
309,Septima,Mendoza,Agrelo,Luján de Cuyo,bodegaseptima.com,tienda.bodegaseptima.com,WooCommerce,Codorníu,Arg/Ext,45%,Intl,3.500.000,Grande,8.0,40.0
310,Serrera Wines,Mendoza,Cuchillas de Lunlunta,Luján de Cuyo,serrera.com.ar,serrerawines.com/tienda,Custom,Indep.,Arg,15%,Nac,150.000,Boutique,3.0,14.0
311,SIMONASSI LYON SA.,Mendoza,Rama Caída,San Rafael,bodegasimonassilyon.com/#!/-bienvenids/,No tiene,No aplica,Indep.,Arg,15%,Nac,400.000,Mediana,4.0,18.0
312,Sin Fin,Mendoza,Russell,Maipú,bodegasinfin.com,tienda.bodegasinfin.com,Shopify,Indep.,Arg,25%,Nac,1.200.000,Mediana,6.0,32.0
313,Solo Contigo Wine,Mendoza,Los Chacayes,Tunuyán,No tiene,No tiene,No aplica,Indep.,Arg,20%,Nac,180.000,Boutique,4.0,16.0
314,Sottano,Mendoza,Perdriel,Luján de Cuyo,bodegasottano.com,No tiene,No aplica,Indep.,Arg,30%,Nac,1.800.000,Grande,6.0,35.0
315,Staphyle,Mendoza,Carrodilla,Luján de Cuyo,staphyle.com,mercadolibre.com.ar/tienda/staphyle,Mercadolibre,Indep.,Arg,20%,Nac,900.000,Mediana,5.0,28.0
316,Stellium,Mendoza,Perdriel,Luján de Cuyo,No tiene,No tiene,No aplica,Indep.,Arg,15%,Nac,150.000,Boutique,3.0,12.0
317,Stocco de Viani,Mendoza,Rodeo del Medio,Maipú,stoccodeviani.com.ar/,No tiene,No aplica,Indep.,Arg,20%,Nac,600.000,Mediana,5.0,24.0
318,Suarez,Mendoza,Paraje Altamira,San Carlos,fincasuarez.com.ar,No tiene,No aplica,Indep.,Arg,15%,Nac,120.000,Boutique,3.0,14.0
319,Super Uco,Mendoza,Los Chacayes,Tunuyán,superuco.com,superuco.com,WooCommerce,Indep.,Arg,20%,Reg,90.000,Boutique,3.0,10.0
320,Susana Balbo (Dominio del Plata),Mendoza,Agrelo,Luján de Cuyo,susanabalbowines.com.ar,tienda.susanabalbowines.com.ar,Shopify,Indep.,Ext,65%,Intl,2.500.000,Grande,8.0,42.0
321,Suter - Grupo Peñaflor,Mendoza,Las Paredes,San Rafael,bodegasuter.com.ar/,vinosyspirits.com,Shopify,Gpo. Peñaflor,Arg,15%,Nac,10.000.000,Grande,11.0,60.0
322,Tempus Alba,Mendoza,Coquimbito,Maipú,tempusalba.com,No tiene,Whatsapp,Indep.,Arg,15%,Nac,250.000,Boutique,4.0,16.0
323,TERRACOTA WINELAND S.A.,Mendoza,La Consulta,San Carlos,terracotawineland.com/,No tiene,No aplica,Indep.,Arg,15%,Nac,180.000,Boutique,3.0,14.0
324,Terrazas De Los Andes,Mendoza,Perdriel,Luján de Cuyo,terrazasdelosandes.com/es-ar,No tiene,No aplica,LVMH,Ext,70%,Intl,6.500.000,Grande,9.0,50.0
325,TIERRA DE ANDES,Mendoza,Alto Salvador,San Martín,tierradeandes.com,No tiene,No aplica,Indep.,Arg,15%,Nac,1.800.000,Grande,6.0,32.0
326,Tierras Altas,Mendoza,Carrodilla,Luján de Cuyo,familiavargasarizu.com,tierrasaltasbodega.com,Tiendanube,Indep.,Arg,15%,Nac,350.000,Mediana,4.0,18.0
327,Tittarelli Wines,Mendoza,La Libertad,Rivadavia,tittarelli.com.ar,No tiene,No aplica,Indep.,Arg,10%,Nac,4.500.000,Grande,8.0,45.0
328,TORNAGHI S.A.,Mendoza,El Cerrito,San Rafael,tornaghi.com.ar,tornaghi.com.ar/shop,Odoo,Indep.,Arg,15%,Nac,250.000,Boutique,3.0,15.0
329,Torreleones,Mendoza,Rodeo de la Cruz,Guaymallén,bodegatorreleones.com,tiendabodegatorreleones.com.ar,Tiendanube,Indep.,Arg,0%,Nac,120.000,Boutique,3.0,12.0
330,Toso,Mendoza,San José,Tupungato,bodegastoso.com,No tiene,No aplica,Indep.,Ext,60%,Intl,1.500.000,Mediana,6.0,30.0
331,Trapiche - Grupo Peñaflor,Mendoza,Maipú,Maipú,trapiche.com.ar/comin/bodega/,vinosyspirits.com,Shopify,Gpo. Peñaflor,Arg/Ext,60%,Intl,31.500.000,Grande,18.0,110.0
332,Traslapiedra,Mendoza,Paraje Altamira,San Carlos,traslatienda.com,traslatienda.com,Tiendanube,Indep.,Arg,15%,Reg,60.000,Boutique,2.0,8.0
333,Trivento,Mendoza,Russell,Maipú,trivento.com,No tiene,No aplica,Concha y Toro,Ext,80%,Intl,20.000.000,Grande,15.0,95.0
334,URUCO WINES,Mendoza,El Peral,Tupungato,urucowines.com,tienda.urucowines.com,WooCommerce,Indep.,Arg,15%,Nac,150.000,Boutique,3.0,14.0
335,VALLE DEL ATUEL S.A.,Mendoza,El Desvío,General Alvear,bodegavalledelatuel.com,No tiene,No aplica,Indep.,Arg,10%,Nac,2.200.000,Grande,6.0,35.0
336,Valle del Indio,Mendoza,Las Compuertas,Luján de Cuyo,bodegavalledelindio.com,No tiene,No aplica,Indep.,Arg,20%,Nac,300.000,Boutique,4.0,18.0
337,Viamonte Winery,Mendoza,Vistalba,Luján de Cuyo,viamontewinery.com,viamontewinery.com/shop,WooCommerce,Indep.,Arg,20%,Nac,450.000,Mediana,4.0,20.0
338,VIDITA VINEYARDS S.A.,Mendoza,Costa de Araujo,Lavalle,viditawines.mitiendanube.com,viditawines.mitiendanube.com,Tiendanube,Indep.,Arg,5%,Reg,180.000,Boutique,3.0,15.0
339,VIGNES DES ANDES S.A.,Mendoza,Agrelo,Luján de Cuyo,vignesdesandes.com,tienda.vignesdesandes.com,WooCommerce,Indep.,Arg,15%,Nac,220.000,Boutique,4.0,16.0
340,VINECOL S.A.,Mendoza,La Paz,La Paz,vinecol.com.ar,No tiene,No aplica,Indep.,Ext,70%,Intl,600.000,Mediana,5.0,25.0
341,Vinorum - Familia Altieri,Mendoza,Perdriel,Luján de Cuyo,vinorum.com.ar,No tiene,No aplica,Fam. Altieri,Arg,20%,Nac,350.000,Mediana,4.0,18.0
342,Vinos de Potrero,Mendoza,Gualtallary,Tupungato,vinosdepotrero.com,No tiene,No aplica,Indep.,Arg,20%,Reg,90.000,Boutique,3.0,12.0
343,Viña Alicia,Mendoza,Mayor Drummond,Luján de Cuyo,vinaalicia.com,No tiene,No aplica,Indep.,Arg/Ext,30%,Nac,120.000,Boutique,3.0,14.0
344,Viña Cobos,Mendoza,Agrelo,Luján de Cuyo,vinacobos.com,tienda.vinacobos.com,Tiendanube,Indep.,Ext,70%,Intl,1.800.000,Grande,7.0,35.0
345,Viña Las Perdices,Mendoza,Agrelo,Luján de Cuyo,lasperdices.com,lasperdices.com,VTEX,Indep.,Arg,30%,Intl,4.500.000,Grande,9.0,50.0
346,Viñas de Alvear,Mendoza,General Alvear,General Alvear,No tiene,No tiene,No aplica,Indep.,Arg,5%,Nac,3.500.000,Grande,7.0,42.0
347,Viñas de Balbo,Mendoza,San Martín,San Martín,vinasdebalbo.com,No tiene,No aplica,Indep.,Arg,10%,Nac,18.000.000,Grande,10.0,55.0
348,VIÑEDOS Y OLIVARES DEL OESTE S.A.,Mendoza,Los Barriales,Junín,No tiene,No tiene,No aplica,Indep.,Arg,15%,Nac,1.500.000,Mediana,6.0,30.0
349,Vista Flores,Mendoza,Vista Flores,Tunuyán,vistafloresestate.com,No tiene,No aplica,Indep.,Arg,20%,Nac,400.000,Mediana,4.0,20.0
350,Vistalba,Mendoza,Vistalba,Luján de Cuyo,bodegavistalba.com,bodegavistalba.com/tienda,Prestashop,Indep.,Arg/Ext,40%,Intl,1.200.000,Mediana,6.0,32.0
351,Vistandes,Mendoza,Cruz de Piedra,Maipú,vistandes.com,vistandes.mitiendanube.com,Tiendanube,Indep.,Arg,20%,Nac,800.000,Mediana,5.0,26.0
352,WALIORS S.A.,Mendoza,La Colonia,Junín,bodegawaliors.wixsite.com/waliors,No tiene,No aplica,Indep.,Arg,15%,Nac,250.000,Boutique,3.0,14.0
353,Weinert,Mendoza,Mayor Drummond,Luján de Cuyo,bodegaweinert.com,bodegaweinert.com/collections/vinos,Shopify,Indep.,Arg/Ext,45%,Intl,1.500.000,Mediana,6.0,30.0
354,ZINGARETTI (Antonio),Mendoza,Gutiérrez,Maipú,zingarettiwines.mitiendanube.com,zingarettiwines.mitiendanube.com,Tiendanube,Indep.,Arg,15%,Nac,180.000,Boutique,3.0,12.0
355,Zolo - Fincas Patagónicas,Mendoza,Agrelo,Luján de Cuyo,No tiene,No tiene,No aplica,Fincas Pat.,Arg/Ext,50%,Intl,1.200.000,Mediana,6.0,35.0
356,Zorzal Wines,Mendoza,Gualtallary,Tupungato,zorzalwines.com,No tiene,No aplica,Indep.,Ext,65%,Intl,650.000,Mediana,5.0,28.0
357,Zuccardi Valle de Uco (Piedra Infinita),Mendoza,Paraje Altamira,San Carlos,zuccardiwines.com,No tiene,No aplica,Fam. Zuccardi,Ext,65%,Intl,2.500.000,Grande,8.0,45.0
